{"coverage": 98.09141135107986, "raw_data": {"meta": {"version": "7.4.0", "timestamp": "2024-01-25T08:59:10.173108", "branch_coverage": false, "show_contexts": false}, "files": {"descope/__init__.py": {"executed_lines": [1, 11, 12, 19, 25], "summary": {"covered_lines": 5, "num_statements": 5, "percent_covered": 100.0, "percent_covered_display": "100", "missing_lines": 0, "excluded_lines": 0}, "missing_lines": [], "excluded_lines": []}, "descope/_auth_base.py": {"executed_lines": [2, 5, 6, 8, 9], "summary": {"covered_lines": 4, "num_statements": 4, "percent_covered": 100.0, "percent_covered_display": "100", "missing_lines": 0, "excluded_lines": 0}, "missing_lines": [], "excluded_lines": []}, "descope/auth.py": {"executed_lines": [1, 3, 4, 5, 6, 7, 8, 9, 10, 12, 14, 15, 19, 20, 21, 23, 35, 47, 48, 49, 54, 62, 63, 65, 74, 76, 77, 78, 86, 87, 88, 90, 91, 92, 94, 95, 96, 97, 99, 100, 102, 103, 104, 116, 123, 131, 132, 134, 137, 146, 147, 149, 152, 160, 161, 163, 164, 165, 171, 172, 173, 174, 177, 179, 180, 183, 184, 186, 187, 189, 190, 191, 192, 193, 194, 195, 196, 197, 198, 199, 200, 201, 202, 203, 204, 205, 206, 208, 210, 212, 213, 214, 220, 221, 225, 227, 228, 229, 235, 236, 240, 242, 243, 244, 251, 252, 256, 258, 259, 260, 261, 267, 268, 269, 270, 274, 275, 276, 277, 283, 284, 288, 289, 293, 296, 297, 298, 299, 303, 304, 305, 307, 308, 309, 310, 316, 317, 318, 319, 320, 326, 327, 328, 334, 335, 336, 341, 343, 344, 345, 351, 353, 354, 356, 357, 359, 365, 367, 373, 375, 376, 377, 378, 379, 380, 385, 386, 387, 388, 389, 394, 396, 397, 400, 401, 404, 405, 408, 411, 415, 416, 417, 420, 425, 429, 434, 436, 439, 441, 443, 450, 451, 452, 453, 454, 455, 456, 459, 460, 464, 466, 467, 474, 476, 482, 486, 487, 488, 490, 491, 492, 493, 494, 495, 496, 499, 502, 508, 509, 510, 511, 517, 518, 519, 523, 524, 525, 529, 530, 531, 533, 534, 542, 544, 545, 552, 553, 560, 561, 567, 568, 570, 573, 574, 580, 581, 584, 586, 589, 596, 598, 599, 601, 602, 604, 610, 611, 617, 618, 619, 621, 627, 629, 630, 637, 638, 642, 643, 646, 648, 649, 650, 651, 652, 653], "summary": {"covered_lines": 275, "num_statements": 288, "percent_covered": 95.48611111111111, "percent_covered_display": "95", "missing_lines": 13, "excluded_lines": 0}, "missing_lines": [16, 17, 50, 51, 390, 392, 503, 535, 546, 590, 622, 631, 654], "excluded_lines": []}, "descope/authmethod/__init__.py": {"executed_lines": [0, 1], "summary": {"covered_lines": 0, "num_statements": 0, "percent_covered": 100.0, "percent_covered_display": "100", "missing_lines": 0, "excluded_lines": 0}, "missing_lines": [], "excluded_lines": []}, "descope/authmethod/enchantedlink.py": {"executed_lines": [1, 3, 5, 6, 7, 16, 19, 20, 27, 28, 34, 36, 37, 39, 40, 42, 49, 50, 52, 55, 61, 62, 63, 64, 66, 69, 70, 71, 76, 81, 82, 83, 85, 86, 87, 88, 90, 91, 94, 96, 97, 98, 99, 101, 110, 111, 115, 117, 120, 121, 122, 124, 125, 126, 130, 131, 132, 136, 137, 138, 142, 143, 148, 154, 155, 161, 163, 164, 166, 167, 168, 169, 170, 172, 173, 174, 176, 177, 184, 190, 191, 193, 195, 196, 197, 199, 200, 201], "summary": {"covered_lines": 88, "num_statements": 88, "percent_covered": 100.0, "percent_covered_display": "100", "missing_lines": 0, "excluded_lines": 0}, "missing_lines": [], "excluded_lines": []}, "descope/authmethod/magiclink.py": {"executed_lines": [1, 3, 4, 5, 14, 17, 18, 26, 27, 33, 35, 36, 38, 39, 41, 49, 50, 52, 53, 59, 62, 63, 64, 66, 73, 74, 75, 79, 84, 85, 86, 88, 89, 90, 91, 92, 93, 96, 98, 107, 108, 112, 114, 117, 118, 119, 121, 131, 132, 136, 138, 141, 142, 143, 145, 146, 147, 149, 150, 151, 153, 154, 155, 157, 158, 159, 161, 162, 167, 173, 174, 181, 183, 184, 186, 187, 188, 189, 190, 192, 193, 194, 196, 197, 204, 210, 211, 213, 215, 216, 223, 229, 230, 232], "summary": {"covered_lines": 94, "num_statements": 94, "percent_covered": 100.0, "percent_covered_display": "100", "missing_lines": 0, "excluded_lines": 0}, "missing_lines": [], "excluded_lines": []}, "descope/authmethod/oauth.py": {"executed_lines": [1, 3, 4, 5, 8, 9, 17, 18, 24, 26, 27, 28, 32, 34, 35, 36, 38, 39, 40, 41, 42, 44, 45, 46, 47, 48, 49], "summary": {"covered_lines": 27, "num_statements": 27, "percent_covered": 100.0, "percent_covered_display": "100", "missing_lines": 0, "excluded_lines": 0}, "missing_lines": [], "excluded_lines": []}, "descope/authmethod/otp.py": {"executed_lines": [1, 3, 4, 5, 14, 17, 18, 40, 41, 45, 47, 48, 49, 50, 52, 74, 75, 77, 78, 84, 85, 86, 87, 89, 108, 109, 113, 114, 115, 116, 120, 124, 125, 127, 145, 146, 150, 151, 152, 154, 155, 158, 160, 181, 182, 186, 188, 189, 192, 193, 195, 221, 222, 226, 228, 229, 232, 233, 235, 236, 237, 239, 240, 241, 243, 244, 245, 247, 248, 249, 251, 252, 253, 255, 256, 262, 264, 265, 267, 268, 269, 270, 271, 273, 274, 277, 282, 283, 284, 286, 287, 294, 300, 301, 303, 305, 306, 313, 319, 320, 322], "summary": {"covered_lines": 101, "num_statements": 101, "percent_covered": 100.0, "percent_covered_display": "100", "missing_lines": 0, "excluded_lines": 0}, "missing_lines": [], "excluded_lines": []}, "descope/authmethod/password.py": {"executed_lines": [1, 3, 4, 5, 8, 9, 29, 30, 34, 35, 39, 40, 41, 43, 44, 47, 49, 70, 71, 75, 76, 80, 81, 83, 84, 87, 89, 116, 117, 121, 122, 126, 127, 129, 134, 136, 149, 150, 154, 155, 159, 160, 164, 165, 169, 189, 190, 194, 195, 199, 200, 204, 205, 214, 215, 218, 220, 238, 239, 241, 242, 243, 244, 245, 246], "summary": {"covered_lines": 65, "num_statements": 65, "percent_covered": 100.0, "percent_covered_display": "100", "missing_lines": 0, "excluded_lines": 0}, "missing_lines": [], "excluded_lines": []}, "descope/authmethod/saml.py": {"executed_lines": [1, 3, 4, 5, 9, 10, 20, 21, 25, 26, 30, 32, 33, 34, 38, 40, 41, 42, 44, 45, 46, 47, 48, 49], "summary": {"covered_lines": 24, "num_statements": 24, "percent_covered": 100.0, "percent_covered_display": "100", "missing_lines": 0, "excluded_lines": 0}, "missing_lines": [], "excluded_lines": []}, "descope/authmethod/sso.py": {"executed_lines": [1, 3, 4, 5, 8, 9, 23, 24, 28, 30, 31, 32, 36, 38, 39, 40, 42, 43, 44, 45, 46, 47], "summary": {"covered_lines": 22, "num_statements": 22, "percent_covered": 100.0, "percent_covered_display": "100", "missing_lines": 0, "excluded_lines": 0}, "missing_lines": [], "excluded_lines": []}, "descope/authmethod/totp.py": {"executed_lines": [1, 3, 4, 10, 13, 14, 35, 36, 40, 41, 42, 44, 46, 71, 72, 76, 77, 81, 83, 84, 85, 87, 88, 91, 93, 112, 113, 117, 118, 122, 123, 124, 126, 128, 129, 130, 131, 132, 133, 135, 136, 139, 145, 146, 147], "summary": {"covered_lines": 45, "num_statements": 45, "percent_covered": 100.0, "percent_covered_display": "100", "missing_lines": 0, "excluded_lines": 0}, "missing_lines": [], "excluded_lines": []}, "descope/authmethod/webauthn.py": {"executed_lines": [1, 3, 5, 6, 12, 15, 16, 25, 26, 30, 31, 35, 36, 38, 39, 40, 42, 44, 48, 49, 53, 54, 58, 59, 60, 62, 63, 66, 68, 78, 79, 83, 84, 88, 90, 91, 92, 94, 96, 100, 101, 105, 106, 110, 111, 112, 114, 115, 118, 120, 128, 129, 133, 134, 138, 139, 140, 142, 144, 148, 149, 153, 154, 158, 159, 160, 162, 164, 168, 169, 173, 174, 178, 179, 180, 182, 183, 184, 185, 186, 188, 189, 192, 198, 199, 200, 205, 206, 209, 211, 212, 213, 214, 215, 216, 218, 219, 220], "summary": {"covered_lines": 98, "num_statements": 98, "percent_covered": 100.0, "percent_covered_display": "100", "missing_lines": 0, "excluded_lines": 0}, "missing_lines": [], "excluded_lines": []}, "descope/common.py": {"executed_lines": [1, 2, 4, 6, 7, 9, 11, 12, 14, 15, 16, 18, 21, 22, 23, 24, 25, 26, 29, 32, 33, 34, 35, 36, 37, 40, 41, 42, 43, 44, 45, 46, 49, 50, 51, 52, 53, 54, 57, 58, 62, 63, 67, 68, 71, 72, 73, 76, 77, 78, 79, 80, 81, 82, 85, 86, 87, 88, 89, 90, 93, 94, 97, 98, 99, 100, 101, 104, 105, 114, 115, 116, 117, 118, 121, 124, 127, 128, 129, 136, 137, 144, 145, 148, 149, 150, 151, 153, 154, 155], "summary": {"covered_lines": 89, "num_statements": 90, "percent_covered": 98.88888888888889, "percent_covered_display": "99", "missing_lines": 1, "excluded_lines": 1},