{"coverage": 98.23747680890538, "raw_data": {"meta": {"format": 2, "version": "7.5.4", "timestamp": "2024-07-09T19:14:43.728802", "branch_coverage": false, "show_contexts": false}, "files": {"descope/__init__.py": {"executed_lines": [1, 12, 13, 20, 26, 34, 35], "summary": {"covered_lines": 7, "num_statements": 7, "percent_covered": 100.0, "percent_covered_display": "100", "missing_lines": 0, "excluded_lines": 0}, "missing_lines": [], "excluded_lines": []}, "descope/_auth_base.py": {"executed_lines": [2, 5, 6, 8, 9], "summary": {"covered_lines": 4, "num_statements": 4, "percent_covered": 100.0, "percent_covered_display": "100", "missing_lines": 0, "excluded_lines": 0}, "missing_lines": [], "excluded_lines": []}, "descope/auth.py": {"executed_lines": [1, 3, 4, 5, 6, 7, 8, 9, 10, 12, 14, 15, 19, 20, 21, 23, 38, 50, 51, 52, 57, 65, 66, 68, 77, 79, 80, 81, 89, 90, 91, 93, 94, 96, 97, 99, 100, 101, 102, 104, 105, 107, 108, 109, 121, 128, 136, 137, 139, 146, 155, 156, 158, 165, 174, 175, 177, 180, 188, 189, 191, 192, 193, 199, 200, 201, 202, 205, 207, 208, 209, 210, 211, 212, 214, 215, 218, 219, 221, 222, 224, 225, 226, 227, 228, 229, 230, 231, 232, 233, 234, 235, 236, 237, 238, 239, 240, 241, 242, 243, 244, 245, 246, 248, 250, 252, 253, 254, 261, 262, 266, 268, 269, 270, 277, 278, 282, 284, 285, 286, 294, 295, 299, 301, 302, 303, 304, 310, 311, 312, 313, 317, 318, 319, 320, 326, 327, 331, 336, 340, 346, 347, 350, 351, 352, 356, 357, 358, 360, 361, 362, 363, 369, 370, 371, 372, 373, 379, 380, 381, 387, 388, 389, 394, 396, 397, 398, 404, 406, 407, 409, 410, 412, 418, 420, 426, 428, 429, 430, 431, 432, 433, 438, 439, 440, 441, 442, 447, 449, 450, 453, 454, 457, 458, 461, 464, 468, 469, 470, 473, 478, 482, 487, 489, 492, 494, 496, 503, 504, 505, 506, 507, 508, 509, 512, 513, 517, 519, 520, 527, 529, 535, 539, 540, 541, 543, 544, 545, 546, 547, 548, 549, 552, 555, 561, 562, 563, 564, 570, 571, 572, 576, 577, 578, 582, 583, 584, 586, 587, 595, 597, 598, 605, 606, 613, 614, 620, 621, 623, 626, 627, 633, 634, 637, 639, 642, 649, 651, 652, 654, 655, 657, 663, 664, 670, 671, 672, 674, 680, 682, 683, 690, 691, 695, 696, 699, 701, 702, 703, 708, 709, 710], "summary": {"covered_lines": 292, "num_statements": 306, "percent_covered": 95.42483660130719, "percent_covered_display": "95", "missing_lines": 14, "excluded_lines": 0}, "missing_lines": [16, 17, 53, 54, 95, 443, 445, 556, 588, 599, 643, 675, 684, 711], "excluded_lines": []}, "descope/authmethod/__init__.py": {"executed_lines": [0, 1], "summary": {"covered_lines": 0, "num_statements": 0, "percent_covered": 100.0, "percent_covered_display": "100", "missing_lines": 0, "excluded_lines": 0}, "missing_lines": [], "excluded_lines": []}, "descope/authmethod/enchantedlink.py": {"executed_lines": [1, 3, 5, 6, 7, 16, 19, 20, 27, 28, 34, 36, 37, 39, 40, 42, 49, 50, 52, 55, 61, 62, 63, 64, 66, 69, 70, 71, 76, 81, 82, 83, 85, 86, 87, 88, 90, 91, 94, 96, 97, 98, 99, 101, 110, 111, 115, 117, 120, 121, 122, 124, 125, 126, 130, 131, 132, 136, 137, 138, 142, 143, 148, 154, 155, 161, 163, 164, 166, 167, 168, 169, 170, 172, 173, 174, 176, 177, 184, 190, 191, 193, 195, 196, 197, 199, 200, 201], "summary": {"covered_lines": 88, "num_statements": 88, "percent_covered": 100.0, "percent_covered_display": "100", "missing_lines": 0, "excluded_lines": 0}, "missing_lines": [], "excluded_lines": []}, "descope/authmethod/magiclink.py": {"executed_lines": [1, 3, 4, 5, 14, 17, 18, 26, 27, 33, 35, 36, 38, 39, 41, 49, 50, 52, 53, 59, 62, 63, 64, 66, 73, 74, 75, 79, 84, 85, 86, 88, 89, 90, 91, 92, 93, 96, 98, 107, 108, 112, 114, 117, 118, 119, 121, 131, 132, 136, 138, 141, 142, 143, 145, 146, 147, 149, 150, 151, 153, 154, 155, 157, 158, 159, 161, 162, 167, 173, 174, 181, 183, 184, 186, 187, 188, 189, 190, 192, 193, 194, 196, 197, 204, 210, 211, 213, 215, 216, 223, 229, 230, 232], "summary": {"covered_lines": 94, "num_statements": 94, "percent_covered": 100.0, "percent_covered_display": "100", "missing_lines": 0, "excluded_lines": 0}, "missing_lines": [], "excluded_lines": []}, "descope/authmethod/oauth.py": {"executed_lines": [1, 3, 4, 5, 8, 9, 17, 18, 24, 26, 27, 28, 32, 34, 35, 36, 38, 39, 40, 41, 42, 44, 45, 46, 47, 48, 49], "summary": {"covered_lines": 27, "num_statements": 27, "percent_covered": 100.0, "percent_covered_display": "100", "missing_lines": 0, "excluded_lines": 0}, "missing_lines": [], "excluded_lines": []}, "descope/authmethod/otp.py": {"executed_lines": [1, 3, 4, 5, 14, 17, 18, 40, 41, 45, 47, 48, 49, 50, 52, 74, 75, 77, 78, 84, 85, 86, 87, 89, 108, 109, 113, 114, 115, 116, 120, 124, 125, 127, 145, 146, 150, 151, 152, 154, 155, 158, 160, 181, 182, 186, 188, 189, 192, 193, 195, 221, 222, 226, 228, 229, 232, 233, 235, 236, 237, 239, 240, 241, 243, 244, 245, 247, 248, 249, 251, 252, 253, 255, 256, 262, 264, 265, 267, 268, 269, 270, 271, 273, 274, 277, 282, 283, 284, 286, 287, 294, 300, 301, 303, 305, 306, 313, 319, 320, 322], "summary": {"covered_lines": 101, "num_statements": 101, "percent_covered": 100.0, "percent_covered_display": "100", "missing_lines": 0, "excluded_lines": 0}, "missing_lines": [], "excluded_lines": []}, "descope/authmethod/password.py": {"executed_lines": [1, 3, 4, 5, 8, 9, 29, 30, 34, 35, 39, 40, 41, 43, 44, 47, 49, 70, 71, 75, 76, 80, 81, 83, 84, 87, 89, 116, 117, 121, 122, 126, 127, 129, 134, 136, 149, 150, 154, 155, 159, 160, 164, 165, 169, 189, 190, 194, 195, 199, 200, 204, 205, 214, 215, 218, 220, 238, 239, 241, 242, 243, 244, 245, 246], "summary": {"covered_lines": 65, "num_statements": 65, "percent_covered": 100.0, "percent_covered_display": "100", "missing_lines": 0, "excluded_lines": 0}, "missing_lines": [], "excluded_lines": []}, "descope/authmethod/saml.py": {"executed_lines": [1, 3, 4, 5, 9, 10, 20, 21, 25, 26, 30, 32, 33, 34, 38, 40, 41, 42, 44, 45, 46, 47, 48, 49], "summary": {"covered_lines": 24, "num_statements": 24, "percent_covered": 100.0, "percent_covered_display": "100", "missing_lines": 0, "excluded_lines": 0}, "missing_lines": [], "excluded_lines": []}, "descope/authmethod/sso.py": {"executed_lines": [1, 3, 4, 5, 8, 9, 23, 24, 28, 30, 31, 32, 36, 38, 39, 40, 42, 43, 44, 45, 46, 47], "summary": {"covered_lines": 22, "num_statements": 22, "percent_covered": 100.0, "percent_covered_display": "100", "missing_lines": 0, "excluded_lines": 0}, "missing_lines": [], "excluded_lines": []}, "descope/authmethod/totp.py": {"executed_lines": [1, 3, 4, 10, 13, 14, 35, 36, 40, 41, 42, 44, 46, 71, 72, 76, 77, 81, 83, 84, 85, 87, 88, 91, 93, 112, 113, 117, 118, 122, 123, 124, 126, 128, 129, 130, 131, 132, 133, 135, 136, 139, 145, 146, 147], "summary": {"covered_lines": 45, "num_statements": 45, "percent_covered": 100.0, "percent_covered_display": "100", "missing_lines": 0, "excluded_lines": 0}, "missing_lines": [], "excluded_lines": []}, "descope/authmethod/webauthn.py": {"executed_lines": [1, 3, 5, 6, 12, 15, 16, 25, 26, 30, 31, 35, 36, 38, 39, 40, 42, 44, 48, 49, 53, 54, 58, 59, 60, 62, 63, 66, 68, 78, 79, 83, 84, 88, 90, 91, 92, 94, 96, 100, 101, 105, 106, 110, 111, 112, 114, 115, 118, 120, 128, 129, 133, 134, 138, 139, 140, 142, 144, 148, 149, 153, 154, 158, 159, 160, 162, 164, 168, 169, 173, 174, 178, 179, 180, 182, 183, 184, 185, 186, 188, 189, 192, 198, 199, 200, 205, 206, 209, 211, 212, 213, 214, 215, 216, 218, 219, 220], "summary": {"covered_lines": 98, "num_statements": 98, "percent_covered": 100.0, "percent_covered_display": "100", "missing_lines": 0, "excluded_lines": 0}, "missing_lines": [], "excluded_lines": []}, "descope/common.py": {"executed_lines": [1, 2, 4, 6, 7, 8, 9, 11, 13, 14, 16, 17, 18, 20, 23, 24, 25, 26, 27, 28, 29, 32, 35, 36, 37, 38, 39, 40, 43, 44, 45, 46, 47, 48, 49, 52, 53, 54, 55, 56, 57, 60, 61, 65, 66, 70, 71, 74, 75, 76, 79, 80, 81, 82, 83, 84, 85, 88, 89, 90, 91, 92, 93, 96, 97, 100, 101, 102, 103, 104, 105, 108, 109, 118, 119, 120, 121, 122, 125, 126, 130, 133, 136, 139, 140, 141, 148, 149, 156, 157, 160, 161, 162, 163, 165, 166, 167], "summary": {"covered_lines": 96,