{"coverage": 98.12458137977227, "raw_data": {"meta": {"version": "7.3.2", "timestamp": "2023-10-25T21:18:47.675041", "branch_coverage": false, "show_contexts": false}, "files": {"descope/__init__.py": {"executed_lines": [1, 10, 11, 18, 19], "summary": {"covered_lines": 5, "num_statements": 5, "percent_covered": 100.0, "percent_covered_display": "100", "missing_lines": 0, "excluded_lines": 0}, "missing_lines": [], "excluded_lines": []}, "descope/_auth_base.py": {"executed_lines": [2, 5, 6, 8, 9], "summary": {"covered_lines": 4, "num_statements": 4, "percent_covered": 100.0, "percent_covered_display": "100", "missing_lines": 0, "excluded_lines": 0}, "missing_lines": [], "excluded_lines": []}, "descope/auth.py": {"executed_lines": [1, 3, 4, 5, 6, 7, 8, 9, 10, 12, 14, 15, 19, 20, 21, 23, 35, 47, 48, 49, 54, 62, 63, 65, 74, 76, 77, 78, 86, 87, 88, 90, 91, 92, 94, 95, 96, 97, 99, 100, 102, 103, 104, 116, 123, 131, 132, 134, 137, 146, 147, 149, 152, 160, 161, 163, 164, 165, 171, 172, 173, 174, 177, 179, 180, 183, 184, 186, 187, 189, 190, 191, 192, 193, 194, 195, 196, 197, 198, 199, 200, 201, 202, 203, 204, 205, 206, 208, 210, 212, 213, 214, 220, 221, 225, 227, 228, 229, 235, 236, 240, 242, 243, 244, 250, 251, 255, 257, 258, 259, 260, 266, 267, 268, 269, 273, 274, 275, 276, 282, 283, 287, 288, 292, 293, 294, 295, 296, 300, 301, 302, 304, 305, 306, 307, 313, 314, 315, 316, 317, 323, 324, 325, 331, 332, 333, 338, 340, 341, 342, 348, 350, 351, 353, 354, 356, 362, 364, 370, 372, 373, 374, 375, 376, 377, 382, 383, 384, 385, 386, 391, 393, 394, 397, 398, 401, 402, 405, 408, 412, 413, 414, 417, 422, 426, 431, 433, 436, 438, 440, 447, 448, 449, 450, 451, 452, 453, 456, 457, 461, 463, 464, 471, 473, 479, 483, 484, 485, 487, 488, 489, 490, 491, 492, 493, 496, 499, 505, 506, 507, 508, 514, 515, 516, 520, 521, 522, 526, 527, 528, 530, 531, 539, 541, 542, 549, 550, 557, 558, 564, 565, 567, 570, 571, 577, 578, 581, 583, 586, 593, 595, 596, 598, 599, 601, 607, 608, 614, 615, 616, 618, 624, 626, 627, 628, 629, 630, 631], "summary": {"covered_lines": 268, "num_statements": 280, "percent_covered": 95.71428571428571, "percent_covered_display": "96", "missing_lines": 12, "excluded_lines": 0}, "missing_lines": [16, 17, 50, 51, 387, 389, 500, 532, 543, 587, 619, 632], "excluded_lines": []}, "descope/authmethod/__init__.py": {"executed_lines": [0, 1], "summary": {"covered_lines": 0, "num_statements": 0, "percent_covered": 100.0, "percent_covered_display": "100", "missing_lines": 0, "excluded_lines": 0}, "missing_lines": [], "excluded_lines": []}, "descope/authmethod/enchantedlink.py": {"executed_lines": [1, 3, 5, 6, 7, 14, 17, 18, 25, 26, 32, 34, 35, 37, 38, 40, 41, 42, 44, 47, 53, 54, 55, 56, 58, 59, 60, 61, 62, 64, 65, 66, 67, 69, 70, 73, 75, 76, 77, 78, 80, 88, 89, 93, 95, 98, 99, 100, 102, 103, 104, 108, 109, 110, 114, 115, 116, 120, 121, 126, 132, 133, 138, 140, 141, 142, 143, 144, 146, 147, 148, 150, 151, 154, 161, 162, 163, 165, 166, 167], "summary": {"covered_lines": 80, "num_statements": 80, "percent_covered": 100.0, "percent_covered_display": "100", "missing_lines": 0, "excluded_lines": 0}, "missing_lines": [], "excluded_lines": []}, "descope/authmethod/magiclink.py": {"executed_lines": [1, 3, 4, 5, 12, 15, 16, 24, 25, 31, 33, 34, 36, 37, 39, 46, 47, 49, 50, 56, 57, 58, 59, 61, 62, 63, 64, 65, 67, 68, 69, 70, 71, 72, 75, 77, 85, 86, 90, 92, 95, 96, 97, 99, 108, 109, 113, 115, 118, 119, 120, 122, 123, 124, 126, 127, 128, 130, 131, 132, 134, 135, 136, 138, 139, 144, 150, 151, 157, 159, 160, 161, 162, 163, 165, 166, 167, 169, 170, 173, 180, 181, 184], "summary": {"covered_lines": 83, "num_statements": 83, "percent_covered": 100.0, "percent_covered_display": "100", "missing_lines": 0, "excluded_lines": 0}, "missing_lines": [], "excluded_lines": []}, "descope/authmethod/oauth.py": {"executed_lines": [1, 3, 4, 5, 8, 9, 17, 18, 24, 26, 27, 28, 32, 34, 35, 36, 38, 39, 40, 41, 42, 44, 45, 46, 47, 48, 49], "summary": {"covered_lines": 27, "num_statements": 27, "percent_covered": 100.0, "percent_covered_display": "100", "missing_lines": 0, "excluded_lines": 0}, "missing_lines": [], "excluded_lines": []}, "descope/authmethod/otp.py": {"executed_lines": [1, 3, 4, 5, 12, 15, 16, 38, 39, 43, 45, 46, 47, 48, 50, 68, 69, 71, 72, 78, 79, 80, 81, 83, 97, 98, 102, 103, 104, 105, 107, 125, 126, 130, 131, 132, 134, 135, 138, 140, 160, 161, 165, 167, 168, 171, 172, 174, 199, 200, 204, 206, 207, 210, 211, 213, 214, 215, 217, 218, 219, 221, 222, 223, 225, 226, 227, 229, 230, 231, 233, 234, 235, 237, 238, 239, 240, 241, 243, 244, 247, 252, 253, 254, 256, 257, 260, 267, 268, 271], "summary": {"covered_lines": 90, "num_statements": 90, "percent_covered": 100.0, "percent_covered_display": "100", "missing_lines": 0, "excluded_lines": 0}, "missing_lines": [], "excluded_lines": []}, "descope/authmethod/password.py": {"executed_lines": [1, 3, 4, 5, 8, 9, 29, 30, 34, 35, 39, 40, 41, 43, 44, 47, 49, 70, 71, 75, 76, 80, 81, 83, 84, 87, 89, 115, 116, 120, 121, 125, 127, 140, 141, 145, 146, 150, 151, 155, 156, 160, 180, 181, 185, 186, 190, 191, 195, 196, 205, 206, 209, 211, 229, 230, 232, 233, 234, 235, 236, 237], "summary": {"covered_lines": 62, "num_statements": 62, "percent_covered": 100.0, "percent_covered_display": "100", "missing_lines": 0, "excluded_lines": 0}, "missing_lines": [], "excluded_lines": []}, "descope/authmethod/saml.py": {"executed_lines": [1, 3, 4, 5, 8, 9, 19, 20, 24, 25, 29, 31, 32, 33, 37, 39, 40, 41, 43, 44, 45, 46, 47, 48], "summary": {"covered_lines": 24, "num_statements": 24, "percent_covered": 100.0, "percent_covered_display": "100", "missing_lines": 0, "excluded_lines": 0}, "missing_lines": [], "excluded_lines": []}, "descope/authmethod/totp.py": {"executed_lines": [1, 3, 4, 10, 13, 14, 35, 36, 40, 41, 42, 44, 46, 71, 72, 76, 77, 81, 83, 84, 85, 87, 88, 91, 93, 112, 113, 117, 118, 122, 123, 124, 126, 128, 129, 130, 131, 132, 133, 135, 136, 139, 145, 146, 147], "summary": {"covered_lines": 45, "num_statements": 45, "percent_covered": 100.0, "percent_covered_display": "100", "missing_lines": 0, "excluded_lines": 0}, "missing_lines": [], "excluded_lines": []}, "descope/authmethod/webauthn.py": {"executed_lines": [1, 3, 5, 6, 12, 15, 16, 25, 26, 30, 31, 35, 36, 38, 39, 40, 42, 44, 48, 49, 53, 54, 58, 59, 60, 62, 63, 66, 68, 78, 79, 83, 84, 88, 90, 91, 92, 94, 96, 100, 101, 105, 106, 110, 111, 112, 114, 115, 118, 120, 128, 129, 133, 134, 138, 139, 140, 142, 144, 148, 149, 153, 154, 158, 159, 160, 162, 164, 168, 169, 173, 174, 178, 179, 180, 182, 183, 184, 185, 186, 188, 189, 192, 198, 199, 200, 205, 206, 209, 211, 212, 213, 214, 215, 216, 218, 219, 220], "summary": {"covered_lines": 98, "num_statements": 98, "percent_covered": 100.0, "percent_covered_display": "100", "missing_lines": 0, "excluded_lines": 0}, "missing_lines": [], "excluded_lines": []}, "descope/common.py": {"executed_lines": [1, 2, 4, 6, 7, 9, 11, 12, 14, 15, 16, 18, 21, 22, 23, 24, 25, 28, 31, 32, 33, 34, 35, 36, 39, 40, 41, 42, 43, 44, 45, 48, 49, 50, 51, 52, 53, 56, 57, 60, 61, 64, 65, 66, 69, 70, 71, 72, 73, 74, 75, 78, 79, 80, 81, 82, 83, 86, 87, 90, 91, 92, 93, 96, 97, 103, 104, 105, 108, 111, 114, 115, 116], "summary": {"covered_lines": 72, "num_statements": 72, "percent_covered": 100.0, "percent_covered_display": "100", "missing_lines": 0, "excluded_lines": 1}, "missing_lines": [], "excluded_lines": [6]}, "descope/descope_client.py": {"executed_lines": [1, 3, 5, 7, 8, 9, 10, 11, 12, 13, 14, 15, 16, 17, 18, 21, 22, 24, 33, 41, 42, 43, 44, 45, 46, 47, 48, 49, 50, 52, 53, 54, 55, 58, 60, 61, 62, 64, 65, 68, 69, 70, 72, 73, 74, 76, 77, 78, 80, 81, 82, 84, 85, 86, 88, 89, 92, 103, 105, 119, 120, 122, 123, 125, 126, 127, 130, 131, 132, 136, 137, 138, 139, 141, 152, 154, 168, 169, 171, 172, 174, 175, 176, 179, 180, 181, 183, 184, 185, 186, 188, 209, 211, 227, 229, 252, 256, 269, 270, 276, 277, 279, 292, 293, 299, 300, 302, 316, 317, 323, 324, 327, 329, 342, 343], "summary": {"covered_lines": 115,